Date,interest_rate,loan_amount_approved,loan_amount_requested,loan_id,loan_purpose,loan_tenor,loan_status,no_of_dependent,rent_per_year,type_of_residence,year_of_residence,marital_status
02/09/2023,0,0,100000,BRL5822182809,Business,,DECLINED,4,200000,Rented,5,single
02/09/2023,0,0,30000,BRL6292275171,Business,,DECLINED,0,180000,Rented,4,single
02/09/2023,0,0,40000,BRL6714105057,Emergency,,DECLINED,2,0,Permanent,5,married
02/09/2023,0,0,100000,BRL7710763515,Emergency,,DECLINED,1,600000,Rented,3,married
03/09/2023,0,0,50000,BRL9649866528,Business,,DECLINED,0,500000,Rented,2,single
03/09/2023,0,0,50000,BRL4350947514,Emergency,,DECLINED,3,0,Permanent,15,married
03/09/2023,0,0,150000,BRL3960187097,Business,,DECLINED,0,0,Permanent,5,single
03/09/2023,0,0,150000,BRL6116934082,Business,,DECLINED,3,450000,Rented,3,married
03/09/2023,0,0,100000,BRL6132834750,Business,,DECLINED,1,100000,Rented,5,single
04/09/2023,0,0,100000,BRL6553962243,Business,,DECLINED,2,150000,Rented,5,married
04/09/2023,0,0,100000,BRL3011371929,Business,,DECLINED,2,150000,Rented,5,married
04/09/2023,0,0,50000,BRL7676332397,Business,,DECLINED,3,0,Permanent,4,married
04/09/2023,0,0,150000,BRL6716455905,Emergency,,DECLINED,3,0,Permanent,8,married
04/09/2023,0,0,100000,BRL9189884738,Business,,DECLINED,2,500000,Rented,6,married
04/09/2023,0,0,50000,BRL1778616119,Business,,DECLINED,2,0,Permanent,10,single
04/09/2023,0,0,30000,BRL3286432034,Rent,,DECLINED,0,0,Permanent,15,single
04/09/2023,0,0,50000,BRL1988110102,Business,,DECLINED,5,600000,Rented,4,married
04/09/2023,0,0,100000,BRL1375560115,Business,,DECLINED,2,500000,Rented,6,married
04/09/2023,0,0,50000,BRL5170392174,Business,,DECLINED,2,0,Permanent,11,married
04/09/2023,0,0,20000,BRL4461093650,Business,,DECLINED,2,120000,Rented,7,married
04/09/2023,10,28000,100000,BRL9260992997,Business,2,DISBURSED,3,0,Permanent,45,single
05/09/2023,0,0,100000,BRL9053363333,Emergency,,DECLINED,2,0,Permanent,3,married
05/09/2023,0,0,30000,BRL2494759391,Rent,,DECLINED,2,182000,Rented,10,married
05/09/2023,0,0,150000,BRL2076748167,Business,,DECLINED,0,170000,Rented,2,single
05/09/2023,0,0,100000,BRL4743612225,Business,,DECLINED,2,500000,Rented,6,married
05/09/2023,0,14000,150000,BRL1502061744,Business,,DECLINED,3,0,Permanent,9,married
05/09/2023,14,19000,150000,BRL3134387878,Business,4,LIQUIDATED,3,120000,Rented,3,married
05/09/2023,0,0,40000,BRL9462734126,Rent,,DECLINED,0,200000,Rented,2.5,single
05/09/2023,0,0,100000,BRL7122465228,Business,,DECLINED,1,200000,Rented,2,married
05/09/2023,0,0,30000,BRL9316223796,Business,,DECLINED,4,108000,Rented,5,married
05/09/2023,0,0,100000,BRL3268397724,Business,,DECLINED,0,0,Permanent,30,single
05/09/2023,0,0,50000,BRL9358599346,Emergency,,DECLINED,3,0,Permanent,35,married
05/09/2023,0,0,100000,BRL5670276963,Rent,,DECLINED,3,250000,Rented,1,married
05/09/2023,0,0,100000,BRL8043290267,Business,,DECLINED,2,150000,Rented,8,single
05/09/2023,12,14000,50000,BRL9397086786,Business,3,FAILED,4,0,Permanent,8,married
05/09/2023,0,0,100000,BRL8600181041,Business,,DECLINED,5,600000,Rented,4,married
05/09/2023,0,0,100000,BRL8673189666,Business,,DECLINED,0,180000,Rented,3,single
06/09/2023,0,0,100000,BRL8666840342,Business,,DECLINED,0,100000,Rented,12,single
06/09/2023,0,0,10000,BRL7590947588,Business,,DECLINED,2,180000,Rented,3,married
06/09/2023,0,0,50000,BRL9260369560,Emergency,,DECLINED,0,170000,Rented,2,single
06/09/2023,0,0,10000,BRL9126687915,Emergency,,DECLINED,0,0,Permanent,6,single
06/09/2023,0,0,100000,BRL4052642997,Business,,STAGE1,3,150000,Rented,2,married
06/09/2023,0,0,100000,BRL6179741111,Business,,DECLINED,0,0,Permanent,29,single
06/09/2023,0,0,150000,BRL8500649483,Business,,DECLINED,1,150000,Rented,3,married
06/09/2023,0,0,100000,BRL8091480261,Business,,DECLINED,1,0,Permanent,8,married
06/09/2023,0,0,100000,BRL2147684613,Emergency,,DECLINED,2,0,Permanent,7,married
06/09/2023,0,0,25000,BRL5110936399,Business,,DECLINED,0,0,Permanent,23,single
06/09/2023,0,0,100000,BRL4537981257,Business,,DECLINED,2,0,Permanent,3,married
06/09/2023,0,0,150000,BRL1658460021,Rent,,DECLINED,0,550000,Rented,3,single
06/09/2023,0,0,100000,BRL2142198593,Business,,DECLINED,1,0,Permanent,2,married
06/09/2023,0,0,100000,BRL7637682191,Emergency,,DECLINED,0,550000,Rented,3,single
06/09/2023,0,0,80000,BRL8743613029,Business,,DECLINED,5,0,Permanent,5,married
06/09/2023,0,0,50000,BRL6112593789,Business,,DECLINED,0,150000,Rented,1,single
06/09/2023,0,0,50000,BRL1492143617,Emergency,,DECLINED,2,300000,Rented,2,married
06/09/2023,0,0,50000,BRL1302430286,Business,,DECLINED,0,150000,Rented,5,single
06/09/2023,0,0,150000,BRL3362918938,Business,,DECLINED,2,100000,Rented,2,single
06/09/2023,0,0,150000,BRL2134130981,Rent,,DECLINED,2,600000,Rented,3,married
06/09/2023,0,0,50000,BRL1458732432,Business,,DECLINED,0,0,Permanent,13,single
06/09/2023,0,0,50000,BRL5768085159,Business,,DECLINED,0,0,Permanent,13,single
06/09/2023,0,0,50000,BRL2658960585,Business,,DECLINED,0,150000,Rented,5,single
06/09/2023,0,0,50000,BRL2542403712,Business,,DECLINED,0,0,Permanent,13,single
06/09/2023,0,0,50000,BRL7308243300,Business,,DECLINED,0,0,Permanent,13,single
06/09/2023,0,0,10000,BRL5370890096,Business,,DECLINED,0,0,Permanent,13,single
06/09/2023,0,0,100000,BRL9918708893,Business,,DECLINED,0,200000,Rented,3,single
06/09/2023,0,0,100000,BRL9985183162,Business,,DECLINED,1,150000,Rented,3,single
07/09/2023,0,0,100000,BRL1149536427,Business,,DECLINED,0,200000,Rented,3,single
07/09/2023,0,0,30000,BRL4371554420,Emergency,,DECLINED,1,350000,Rented,1,single
07/09/2023,0,0,30000,BRL4075024483,Emergency,,DECLINED,1,0,Permanent,6,single
07/09/2023,0,0,50000,BRL6211699715,Emergency,,DECLINED,0,200000,Rented,3,single
07/09/2023,0,0,20000,BRL8112263629,Business,,DECLINED,1,175000,Rented,2,married
07/09/2023,0,0,100000,BRL1964052828,Emergency,,DECLINED,1,300000,Rented,2,married
07/09/2023,0,0,100000,BRL8839044712,Business,,DECLINED,4,750000,Rented,4,married
07/09/2023,0,0,30000,BRL3474621831,Business,,DECLINED,0,0,Permanent,20,single
07/09/2023,14,4000,65000,BRL1868333741,Business,4,DISBURSED,3,0,Permanent,17,married
07/09/2023,0,0,150000,BRL9252887214,Business,,DECLINED,4,0,Permanent,6,married
07/09/2023,0,0,150000,BRL4246241500,Business,,DECLINED,0,0,Permanent,3,single
07/09/2023,0,0,150000,BRL8154985205,Business,,DECLINED,2,0,Permanent,6,married
07/09/2023,8,21000,100000,BRL2029541313,Business,1,LIQUIDATED,2,150000,Rented,5,married
07/09/2023,0,0,50000,BRL2686176833,Business,,STAGE1,4,350000,Rented,3,married
07/09/2023,0,16000,50000,BRL6930028027,Emergency,,DECLINED,1,0,Permanent,10,single
07/09/2023,8,70000,150000,BRL7161284015,Business,1,LIQUIDATED,0,500000,Rented,4,single
07/09/2023,8,20000,90000,BRL8924147003,Emergency,1,LIQUIDATED,2,600000,Rented,3,married
07/09/2023,0,0,60000,BRL2456086977,Emergency,,DECLINED,1,140000,Rented,7,married
07/09/2023,8,36000,50000,BRL8200834584,Business,1,FAILED,0,0,Permanent,13,single
07/09/2023,0,0,35000,BRL1435710626,Emergency,,DECLINED,2,160000,Rented,4,married
07/09/2023,14,22000,50000,BRL1219348344,Business,4,DISBURSED,1,600000,Rented,3,married
07/09/2023,0,0,30000,BRL5669652204,Emergency,,DECLINED,0,0,Permanent,16,married
07/09/2023,0,0,100000,BRL5116025688,Business,,DECLINED,3,0,Permanent,18,married
07/09/2023,0,0,100000,BRL4665677686,Business,,DECLINED,3,0,Permanent,9,married
07/09/2023,8,17000,100008,BRL4714050984,Emergency,1,FAILED,0,150000,Rented,5,single
07/09/2023,10,9000,20000,BRL1040467228,Business,2,DISBURSED,0,100000,Rented,2,single
07/09/2023,10,32000,100000,BRL4111017552,Business,2,LIQUIDATED,1,300000,Rented,4,single
07/09/2023,0,0,100000,BRL4151550122,Rent,,DECLINED,4,300000,Rented,5,married
07/09/2023,0,14000,100000,BRL3975568990,Rent,,DECLINED,0,0,Permanent,5,single
07/09/2023,10,23000,20000,BRL6668432354,Business,2,LIQUIDATED,0,120000,Rented,4,married
08/09/2023,0,0,100000,BRL7950217250,Business,,DECLINED,2,0,Permanent,25,married
08/09/2023,0,0,150000,BRL2209525370,Business,,DECLINED,2,150000,Rented,10,married
08/09/2023,0,0,50000,BRL8603058771,Business,,STAGE1,0,0,Permanent,19,single
08/09/2023,0,0,100000,BRL8996759933,Emergency,,DECLINED,0,200000,Rented,3,single
08/09/2023,0,0,40000,BRL5667991474,Business,,DECLINED,1,120000,Rented,5,married
08/09/2023,0,0,30000,BRL2191945018,Business,,DECLINED,1,120000,Rented,5,married
08/09/2023,8,35000,150000,BRL8894244141,Business,1,DISBURSED,0,400000,Rented,2,married
08/09/2023,0,0,100000,BRL2469407548,Business,,DECLINED,0,0,Permanent,13,single
08/09/2023,0,0,50000,BRL9945775651,Business,,DECLINED,0,3000000,Rented,4,single
08/09/2023,8,5000,20000,BRL9425765692,Business,1,FAILED,2,120000,Rented,4,married
08/09/2023,0,0,100000,BRL5493879467,Business,,DECLINED,2,0,Permanent,2,married
08/09/2023,8,9000,20000,BRL9530072415,Business,1,DISBURSED,0,200000,Rented,4,single
08/09/2023,0,84000,150000,BRL8572613208,Business,,DECLINED,5,120000,Rented,5,married
08/09/2023,0,0,150000,BRL5999424187,Business,,DECLINED,4,400000,Rented,4,married
08/09/2023,8,17000,150000,BRL5191276922,Business,1,FAILED,3,150000,Rented,3,married
08/09/2023,14,15000,100000,BRL7318097759,Business,4,DISBURSED,3,0,Permanent,14,married
09/09/2023,8,5000,100000,BRL1170102733,Business,1,LIQUIDATED,3,150000,Rented,2,married
09/09/2023,0,0,25000,BRL4493261351,Emergency,,DECLINED,0,250000,Rented,2,single
09/09/2023,8,16000,50000,BRL7823834780,Business,1,LIQUIDATED,3,200000,Rented,6,single
09/09/2023,8,19000,50000,BRL1437470992,Business,1,LIQUIDATED,1,0,Permanent,15,single
09/09/2023,0,26000,20000,BRL8846223299,Business,,DECLINED,1,0,Permanent,10,married
09/09/2023,0,0,45000,BRL2249641930,Business,,STAGE1,2,250000,Rented,3,married
09/09/2023,0,0,100000,BRL7953196931,Business,,DECLINED,4,200000,Rented,5,married
09/09/2023,0,0,50000,BRL5534200287,Business,,DECLINED,1,150000,Rented,3,single
09/09/2023,0,0,25000,BRL5886326013,Emergency,,DECLINED,3,350000,Rented,2,married
09/09/2023,8,7000,60000,BRL3446843933,Business,1,FAILED,0,150000,Rented,4,single
09/09/2023,0,20000,100000,BRL9658161374,Business,,DECLINED,4,350000,Rented,5,married
09/09/2023,0,0,50000,BRL8674547377,Business,,DECLINED,4,0,Permanent,12,single
09/09/2023,0,0,50000,BRL8524054415,Emergency,,DECLINED,0,200000,Rented,2,single
09/09/2023,0,0,100000,BRL7024026580,Business,,DECLINED,4,180000,Rented,15,married
09/09/2023,0,85000,100000,BRL6949213649,Business,,DECLINED,2,0,Permanent,8,married
10/09/2023,0,0,35000,BRL8049032791,Business,,DECLINED,0,250000,Rented,5,single
10/09/2023,12,21000,100000,BRL3721401766,Business,3,FAILED,0,0,Permanent,5,single
10/09/2023,8,28000,100000,BRL1916208607,Business,1,LIQUIDATED,3,0,Permanent,28,married
10/09/2023,14,100000,100000,BRL2879390446,Business,4,FAILED,0,0,Permanent,25,single
10/09/2023,14,34000,50000,BRL9169434303,Business,4,DISBURSED,0,600000,Rented,3,single
10/09/2023,0,0,100000,BRL7690791461,Business,,DECLINED,4,0,Permanent,8,married
10/09/2023,8,6000,40000,BRL3603117708,Business,1,DISBURSED,0,0,Permanent,5,single
10/09/2023,12,21000,100000,BRL8995166533,Emergency,3,LIQUIDATED,0,0,Permanent,3,single
10/09/2023,8,13000,150000,BRL9380559941,Business,1,FAILED,3,1500000,Rented,3,married
10/09/2023,0,0,20000,BRL6943474978,Business,,DECLINED,0,0,Permanent,24,single
10/09/2023,0,0,50000,BRL7672642519,Business,,DECLINED,0,0,Permanent,19,married
11/09/2023,8,7000,100000,BRL8657852841,Business,1,FAILED,1,200000,Rented,2,single
11/09/2023,0,0,100000,BRL3636864976,Business,,DECLINED,4,500000,Rented,5,married
11/09/2023,8,100000,100000,BRL3998501090,Rent,1,FAILED,1,500000,Rented,2,married
11/09/2023,8,7000,100000,BRL1670535769,Business,1,FAILED,1,220000,Rented,2,single
11/09/2023,8,23000,50000,BRL2403434192,Business,1,FAILED,1,200000,Rented,6,single
11/09/2023,10,24000,120000,BRL7910310722,Emergency,2,FAILED,0,0,Permanent,10,single
11/09/2023,0,0,150000,BRL7937683615,Business,,DECLINED,3,120000,Rented,5,married
11/09/2023,8,20000,50000,BRL8484371146,Business,1,FAILED,1,200000,Rented,6,single
11/09/2023,8,13000,100000,BRL9848448800,Business,1,DISBURSED,2,1500000,Rented,3,married
11/09/2023,12,100000,100000,BRL3150757184,Rent,3,DISBURSED,1,400000,Rented,2,married
11/09/2023,10,21000,100000,BRL7701837903,Business,2,FAILED,0,0,Permanent,10,single
11/09/2023,8,36000,50000,BRL4611923814,Business,1,DISBURSED,0,0,Permanent,13,single
11/09/2023,8,100000,100000,BRL5038877807,Business,1,FAILED,0,0,Permanent,25,single
11/09/2023,10,17000,100000,BRL1360806446,Business,2,DISBURSED,0,150000,Rented,5,single
11/09/2023,10,16000,120000,BRL2101141556,Emergency,2,DISBURSED,0,0,Permanent,10,single
11/09/2023,0,0,14000,BRL1604782901,Business,,DECLINED,4,0,Permanent,6,married
11/09/2023,0,0,50000,BRL3471037128,Business,,DECLINED,1,200000,Rented,6,single
11/09/2023,8,21000,50000,BRL3306685456,Business,1,LIQUIDATED,1,350000,Rented,2,single
11/09/2023,0,0,100000,BRL1472630714,Emergency,,DECLINED,0,0,Permanent,11,single
11/09/2023,14,21000,50000,BRL4583850063,Business,4,LIQUIDATED,2,250000,Rented,2,married
11/09/2023,0,0,100000,BRL7319088628,Business,,DECLINED,1,200000,Rented,2,single
11/09/2023,8,33000,150000,BRL6286833637,Business,1,LIQUIDATED,0,300000,Rented,3,single
12/09/2023,12,18000,100000,BRL7304682880,Business,3,DISBURSED,3,0,Permanent,10,married
12/09/2023,0,0,85000,BRL1255251624,Business,,DECLINED,2,0,Permanent,30,single
12/09/2023,0,0,10000,BRL3776924492,Emergency,,DECLINED,2,166000,Rented,4,single
12/09/2023,0,0,150000,BRL2162395002,Business,,STAGE1,2,200000,Rented,5,married
12/09/2023,0,100000,100000,BRL4951233766,Emergency,,DECLINED,1,0,Permanent,6,married
12/09/2023,10,100000,150000,BRL1674214707,Emergency,2,DISBURSED,1,0,Permanent,6,married
12/09/2023,8,16000,100000,BRL1677269506,Business,1,LIQUIDATED,2,220000,Rented,2,married
12/09/2023,0,0,150000,BRL1630135176,Business,,DECLINED,2,950000,Rented,2,married
12/09/2023,8,18000,50000,BRL8634199986,Business,1,DISBURSED,0,0,Permanent,20,single
12/09/2023,8,27000,50000,BRL3887725339,Business,1,DISBURSED,2,0,Permanent,11,single
12/09/2023,10,19000,150000,BRL9217666122,Rent,2,DISBURSED,2,250000,Rented,7,single
12/09/2023,0,0,100000,BRL2874068423,Business,,DECLINED,2,400000,Rented,8,married
12/09/2023,12,83000,150000,BRL2630917719,Business,3,DISBURSED,2,0,Permanent,2,married
12/09/2023,14,42000,10000,BRL5268488673,Business,4,DISBURSED,0,200000,Rented,10,single
12/09/2023,0,0,150000,BRL9795509085,Business,,DECLINED,4,0,Permanent,6,married
12/09/2023,0,0,50000,BRL8852132826,Business,,STAGE1,2,0,Permanent,4,married
12/09/2023,0,0,150000,BRL9743045550,Business,,DECLINED,0,0,Permanent,20,single
12/09/2023,8,70000,100000,BRL8821488144,Business,1,DISBURSED,1,500000,Rented,4,married
12/09/2023,0,0,100000,BRL9907890665,Business,,DECLINED,1,150000,Rented,3,married
13/09/2023,0,0,150000,BRL2684787294,Business,,DECLINED,4,250000,Rented,4,married
13/09/2023,8,7000,20000,BRL7891357162,Emergency,1,DISBURSED,1,175000,Rented,2,married
13/09/2023,8,19000,20000,BRL6325237758,Business,1,LIQUIDATED,2,0,Permanent,3,married
13/09/2023,8,10000,150000,BRL5662097081,Business,1,LIQUIDATED,1,0,Permanent,18,single
13/09/2023,8,5000,10000,BRL6036451433,Business,1,DISBURSED,2,120000,Rented,4,married
13/09/2023,0,0,100000,BRL5773914271,Business,,DECLINED,4,0,Permanent,20,married
13/09/2023,12,107000,3000,BRL7739360523,Emergency,3,DISBURSED,0,900000,Rented,8,single
13/09/2023,0,0,100000,BRL4546082345,Rent,,STAGE1,2,0,Permanent,3,married
13/09/2023,0,0,50000,BRL8092753502,Emergency,,STAGE1,3,0,Permanent,5,married
13/09/2023,0,0,100000,BRL2036245010,Business,,DECLINED,0,0,Permanent,15,single
13/09/2023,0,0,100000,BRL9363641623,Business,,DECLINED,0,0,Permanent,10,single
13/09/2023,0,0,100000,BRL5518755359,Business,,DECLINED,0,0,Permanent,10,single
13/09/2023,10,31000,100000,BRL8792689135,Emergency,2,DISBURSED,0,180000,Rented,2,single
13/09/2023,14,100000,150000,BRL5992600504,Business,4,DISBURSED,0,0,Permanent,25,single
13/09/2023,12,36000,150000,BRL3232784849,Business,3,DISBURSED,4,0,Permanent,6,married
13/09/2023,0,0,100000,BRL6762918262,Business,,DECLINED,2,300000,Rented,4,married
13/09/2023,0,0,150000,BRL9442889922,Emergency,,DECLINED,0,400000,Rented,30,single
13/09/2023,0,0,150000,BRL3331942203,Business,,STAGE1,1,0,Permanent,13,married
14/09/2023,8,17000,150000,BRL8091956766,Business,1,LIQUIDATED,3,360000,Rented,4,married
14/09/2023,0,126000,150000,BRL7751963061,Business,,DECLINED,2,1000000,Rented,4,married
14/09/2023,12,30000,150000,BRL4237328757,Business,3,DISBURSED,1,120000,Rented,6,married
14/09/2023,8,25000,100000,BRL8663309690,Business,1,DISBURSED,1,420000,Rented,5,married
14/09/2023,0,12000,100000,BRL7595250633,Business,,DECLINED,0,250000,Rented,5,single
14/09/2023,0,11000,100000,BRL4942558218,Business,,DECLINED,4,300000,Rented,6,single
14/09/2023,8,10000,100000,BRL3427454869,Business,1,LIQUIDATED,4,300000,Rented,6,single
14/09/2023,8,12000,100000,BRL3673522739,Emergency,1,LIQUIDATED,1,700000,Rented,2,single
14/09/2023,0,0,150000,BRL7471488510,Emergency,,DECLINED,0,400000,Rented,30,single
14/09/2023,8,17000,100000,BRL1857658737,Emergency,1,LIQUIDATED,0,180000,Rented,4,single
14/09/2023,0,33000,100000,BRL8136315070,Business,,DECLINED,3,0,Permanent,2,married
14/09/2023,0,0,100000,BRL5494188306,Business,,DECLINED,0,210000,Rented,5,married
14/09/2023,0,33000,150000,BRL4018192519,Business,,DECLINED,1,500000,Rented,4,married
14/09/2023,0,0,5000,BRL3321646851,Emergency,,DECLINED,0,0,Permanent,3,single
14/09/2023,0,0,150000,BRL8973019994,Business,,DECLINED,0,0,Permanent,18,married
14/09/2023,10,10000,50000,BRL9160685658,Business,2,DISBURSED,2,100000,Rented,3,married
14/09/2023,0,0,150000,BRL9096394146,Business,,DECLINED,4,0,Permanent,8,married
14/09/2023,10,9000,50000,BRL8179395584,Business,2,DISBURSED,1,250000,Rented,3,married
14/09/2023,14,21000,20000,BRL6183578258,Emergency,4,LIQUIDATED,0,0,Permanent,7,married
14/09/2023,0,0,50000,BRL4641207241,Business,,DECLINED,5,250000,Rented,6,married
15/09/2023,0,0,35000,BRL2857059567,Emergency,,DECLINED,4,0,Permanent,3,married
15/09/2023,8,20000,50000,BRL9838882462,Business,1,LIQUIDATED,1,0,Permanent,12,single
15/09/2023,12,15000,50000,BRL9335890932,Business,3,DISBURSED,0,250000,Rented,7,single
15/09/2023,0,0,100000,BRL9355290436,Business,,DECLINED,3,550000,Rented,2,married
15/09/2023,0,0,50000,BRL4733019070,Business,,STAGE1,2,100000,Rented,1,married
15/09/2023,0,0,100000,BRL1249068435,Emergency,,STAGE1,3,150000,Rented,3,married
15/09/2023,0,0,50000,BRL2727345290,Business,,DECLINED,0,0,Permanent,6,single
15/09/2023,12,49000,120000,BRL2859482683,Business,3,DISBURSED,3,0,Permanent,15,married
15/09/2023,10,16000,100000,BRL2331267644,Business,2,DISBURSED,0,2500000,Rented,8,single
15/09/2023,0,0,100000,BRL1832831494,Business,,DECLINED,2,120000,Rented,3,single
15/09/2023,0,0,100000,BRL7970709941,Emergency,,STAGE1,2,400000,Rented,11,single
15/09/2023,0,0,150000,BRL6174856600,Business,,STAGE1,3,0,Permanent,6,married
15/09/2023,0,0,100000,BRL2402456639,Rent,,DECLINED,3,0,Permanent,4,married
15/09/2023,8,8000,50000,BRL5420836385,Business,1,LIQUIDATED,1,0,Permanent,3,single
15/09/2023,0,0,150000,BRL2177106964,Business,,DECLINED,2,220000,Rented,2,married
16/09/2023,0,0,150000,BRL8985419231,Business,,DECLINED,3,0,Permanent,13,single
16/09/2023,0,0,30000,BRL1282735751,Business,,DECLINED,0,200000,Rented,5,married
16/09/2023,0,0,50000,BRL8214477717,Business,,DECLINED,1,150000,Rented,4,married
16/09/2023,0,0,100000,BRL3066397503,Rent,,DECLINED,3,150000,Rented,2,married
16/09/2023,0,0,150000,BRL8295032354,Business,,DECLINED,0,200000,Rented,3,single
16/09/2023,0,0,10000,BRL5894307790,Emergency,,DECLINED,0,120000,Rented,1,single
16/09/2023,10,112000,30000,BRL9199966233,Business,2,DISBURSED,5,0,Permanent,3,single
16/09/2023,0,0,100000,BRL9884967780,Business,,DECLINED,2,0,Permanent,5,married
16/09/2023,0,0,150000,BRL6198173528,Business,,STAGE1,1,500000,Rented,4,married
17/09/2023,0,0,100000,BRL7987310434,Business,,STAGE1,3,0,Permanent,3,married
17/09/2023,0,0,50000,BRL4542853261,Business,,STAGE1,2,0,Permanent,12,single
17/09/2023,0,0,100000,BRL6403862493,Business,,STAGE1,4,400000,Rented,4,married
17/09/2023,0,0,100000,BRL3450644943,Business,,STAGE1,4,0,Permanent,5,married
17/09/2023,0,0,100000,BRL5967429475,Business,,STAGE1,5,0,Permanent,10,married
17/09/2023,0,0,150000,BRL8815703656,Business,,STAGE1,3,220000,Rented,3,married
17/09/2023,0,0,20000,BRL6052468489,Business,,STAGE1,3,150000,Rented,4,married
18/09/2023,0,0,150000,BRL8030353903,Business,,DECLINED,1,120000,Rented,4,married
19/09/2023,10,24000,100000,BRL3133083990,Business,2,DISBURSED,2,350000,Rented,4,married
19/09/2023,8,34000,100000,BRL7163909415,Business,1,LIQUIDATED,0,180000,Rented,4,single
19/09/2023,0,0,30000,BRL1962311104,Business,,DECLINED,5,100000,Rented,8,married
19/09/2023,10,11000,30000,BRL4016046717,Business,2,DISBURSED,5,100000,Rented,8,married
19/09/2023,0,0,50000,BRL4408415512,Business,,DECLINED,0,0,Permanent,8,single
19/09/2023,0,0,60000,BRL8399220031,Business,,DECLINED,1,0,Permanent,10,married
19/09/2023,8,11000,150000,BRL1910703650,Business,1,LIQUIDATED,1,0,Permanent,13,married
19/09/2023,8,16000,100000,BRL9073289898,Business,1,DISBURSED,1,0,Permanent,6,married
19/09/2023,0,0,100000,BRL9975668129,Business,,DECLINED,5,150000,Rented,4,married
19/09/2023,0,0,100000,BRL9547000886,Business,,DECLINED,3,0,Permanent,40,married
19/09/2023,0,0,100000,BRL8574645385,Rent,,DECLINED,2,350000,Rented,3,married
19/09/2023,10,25000,150000,BRL8104341872,Business,2,DISBURSED,3,550000,Rented,3,married
19/09/2023,0,0,100000,BRL9474201319,Emergency,,DECLINED,0,250000,Rented,4,single
19/09/2023,0,0,150000,BRL7670261507,Business,,DECLINED,0,250000,Rented,4,single
19/09/2023,0,0,100000,BRL2165060471,Rent,,DECLINED,0,130000,Rented,1,single
19/09/2023,0,0,100000,BRL3715898768,Business,,DECLINED,1,150000,Rented,5,single
19/09/2023,10,16000,100000,BRL5582276097,Business,2,LIQUIDATED,1,150000,Rented,2,married
19/09/2023,8,13000,50000,BRL5049760079,Business,1,LIQUIDATED,1,120000,Rented,2,single
20/09/2023,8,12000,100000,BRL8540598290,Business,1,LIQUIDATED,3,0,Permanent,15,married
20/09/2023,0,0,100000,BRL5155456692,Business,,DECLINED,3,120000,Rented,7,married
20/09/2023,0,0,100000,BRL9798598722,Business,,DECLINED,3,450000,Rented,5,married
20/09/2023,0,0,100000,BRL5928247302,Emergency,,DECLINED,2,120000,Rented,15,married
20/09/2023,0,0,20000,BRL6059544993,Business,,DECLINED,2,0,Permanent,3,married
20/09/2023,8,29000,150000,BRL7637240793,Business,1,DISBURSED,0,300000,Rented,4,single
20/09/2023,0,0,150000,BRL8562011644,Business,,STAGE1,0,250000,Rented,4,single
21/09/2023,0,0,150000,BRL5838240092,Business,,STAGE1,0,0,Permanent,10,married
21/09/2023,12,16000,100000,BRL1932326753,Business,3,DISBURSED,1,150000,Rented,3,single
21/09/2023,0,0,100000,BRL3349228640,Business,,DECLINED,2,120000,Rented,1,single
21/09/2023,8,22000,100000,BRL1729419677,Emergency,1,LIQUIDATED,1,170000,Rented,3,married
21/09/2023,0,0,100000,BRL9405031324,Emergency,,DECLINED,2,0,Permanent,5,married
21/09/2023,0,0,100000,BRL5549399167,Business,,DECLINED,0,0,Permanent,17,single
21/09/2023,14,50000,150000,BRL6072220347,Business,4,DISBURSED,3,0,Permanent,9,married
22/09/2023,0,0,50000,BRL6404381313,Business,,DECLINED,1,0,Permanent,8,married
22/09/2023,12,16000,100000,BRL2508820531,Rent,3,DISBURSED,3,350000,Rented,3,married
22/09/2023,0,18000,100000,BRL4350369798,Emergency,,DECLINED,4,600000,Rented,4,married
22/09/2023,0,0,100000,BRL1376944017,Rent,,DECLINED,1,100000,Rented,3,single
22/09/2023,0,0,20000,BRL6384271137,Business,,DECLINED,4,0,Permanent,6,married
22/09/2023,8,36000,100000,BRL1535314119,Business,1,DISBURSED,2,0,Permanent,12,married
22/09/2023,0,0,100000,BRL1497870734,Rent,,DECLINED,5,500000,Permanent,13,married
22/09/2023,10,28000,100000,BRL2941066604,Business,2,LIQUIDATED,4,6000000,Rented,6,married
22/09/2023,8,31000,5000,BRL8040106344,Emergency,1,DISBURSED,0,100000,Rented,2,single
22/09/2023,0,0,50000,BRL6683791385,Rent,,DECLINED,3,0,Permanent,10,married
22/09/2023,0,0,50000,BRL3563313817,Emergency,,DECLINED,0,0,Permanent,6,single
22/09/2023,8,15000,100000,BRL7105469083,Rent,1,DISBURSED,1,150000,Rented,3,single
23/09/2023,8,9000,10000,BRL9290323877,Emergency,1,LIQUIDATED,0,250000,Rented,2,single
23/09/2023,0,0,50000,BRL2569320788,Business,,DECLINED,0,0,Permanent,10,single
23/09/2023,0,0,150000,BRL5714627759,Business,,DECLINED,3,180000,Rented,4,married
23/09/2023,10,46000,150000,BRL9594353986,Business,2,DISBURSED,1,150000,Rented,4,married
23/09/2023,8,41000,10000,BRL4019331419,Business,1,LIQUIDATED,0,400000,Rented,2,single
23/09/2023,8,17000,20000,BRL8290131807,Business,1,DISBURSED,0,180000,Rented,3,single
23/09/2023,0,0,60000,BRL2559077976,Business,,STAGE1,0,105000,Rented,3,single
23/09/2023,8,62000,100000,BRL7248868389,Business,1,DISBURSED,1,0,Permanent,8,single
23/09/2023,0,0,10000,BRL3091720623,Business,,DECLINED,0,0,Permanent,4,single
23/09/2023,8,11000,100000,BRL4006715121,Business,1,LIQUIDATED,0,150000,Rented,2,single
23/09/2023,0,0,100000,BRL5426241540,Business,,DECLINED,1,0,Permanent,6,single
23/09/2023,0,0,40000,BRL4980666265,Emergency,,DECLINED,5,200000,Rented,3,single
23/09/2023,0,0,50000,BRL2034017797,Business,,DECLINED,0,2500000,Rented,8,single
24/09/2023,0,0,100000,BRL6605700084,Business,,DECLINED,0,150000,Rented,3,single
24/09/2023,0,31000,100000,BRL7249736072,Business,,DECLINED,0,750000,Rented,2,single
24/09/2023,8,27000,100000,BRL6726748635,Emergency,1,DISBURSED,0,300000,Rented,5,single
24/09/2023,10,31000,150000,BRL2075354996,Rent,2,LIQUIDATED,0,750000,Rented,3,single
24/09/2023,0,6000,100000,BRL9505616389,Business,,DECLINED,5,250000,Rented,2,married
24/09/2023,0,0,50000,BRL5943698506,Business,,DECLINED,0,0,Permanent,3,single
25/09/2023,0,0,150000,BRL5887051590,Business,,DECLINED,0,0,Permanent,22,single
25/09/2023,8,10000,2000,BRL9722887052,Business,1,DISBURSED,2,250000,Rented,2,married
25/09/2023,0,17000,150000,BRL5095084967,Business,,DECLINED,3,150000,Rented,2,married
25/09/2023,0,0,100000,BRL7396006752,Business,,DECLINED,1,0,Permanent,3,single
25/09/2023,0,0,100000,BRL1295935399,Rent,,DECLINED,0,200000,Rented,3,single
25/09/2023,0,0,50000,BRL8217889890,Emergency,,DECLINED,3,0,Permanent,3,married
25/09/2023,0,75000,100000,BRL7122803232,Business,,DECLINED,1,300000,Rented,1,married
25/09/2023,0,0,150000,BRL8025935860,Business,,DECLINED,2,100000,Rented,3,married
25/09/2023,12,35000,50000,BRL5481954702,Business,3,DISBURSED,1,250000,Rented,4,married
25/09/2023,0,0,50000,BRL7249801563,Business,,DECLINED,4,0,Permanent,10,married
25/09/2023,8,10000,50000,BRL9616170266,Emergency,1,DISBURSED,1,0,Permanent,10,single
25/09/2023,14,17000,150000,BRL5275963083,Business,4,DISBURSED,3,0,Permanent,10,married
25/09/2023,10,27000,100000,BRL9273215862,Emergency,2,DECLINED,3,0,Permanent,10,married
25/09/2023,10,100000,100000,BRL3762602765,Emergency,2,DISBURSED,3,400000,Rented,6,married
25/09/2023,8,17000,100000,BRL1337292993,Business,1,LIQUIDATED,2,450000,Rented,6,married
26/09/2023,10,67000,150000,BRL5657856433,Business,2,FAILED,1,300000,Rented,1,married
26/09/2023,0,0,100000,BRL1597493908,Business,,DECLINED,2,250000,Rented,6,married
26/09/2023,8,6000,100000,BRL7752272858,Business,1,DISBURSED,5,250000,Rented,2,married
26/09/2023,8,11000,70000,BRL5615893227,Business,1,DISBURSED,0,0,Permanent,15,married
26/09/2023,8,3000,50000,BRL5065023385,Business,1,DISBURSED,2,0,Permanent,6,married
26/09/2023,0,0,100000,BRL1142145994,Business,,STAGE1,1,0,Permanent,25,single
26/09/2023,0,0,50000,BRL1299214299,Business,,DECLINED,0,120000,Rented,5,single
26/09/2023,0,0,100000,BRL8710892531,Business,,STAGE1,1,200000,Rented,2,married
26/09/2023,8,4000,30000,BRL1123616908,Business,1,DISBURSED,0,0,Permanent,10,single
26/09/2023,0,0,140000,BRL3735189070,Business,,DECLINED,1,500000,Rented,3,married
26/09/2023,0,0,20000,BRL6257370819,Business,,DECLINED,0,120000,Rented,3,single
26/09/2023,0,0,100000,BRL7780469298,Business,,DECLINED,0,0,Permanent,5,single
26/09/2023,0,6000,50000,BRL4435198407,Business,,DECLINED,2,300000,Rented,4,married
27/09/2023,8,36000,70000,BRL3687469570,Business,1,DISBURSED,0,300000,Rented,4,single
27/09/2023,0,0,150000,BRL4324305809,Business,,DECLINED,1,100000,Rented,3,single
27/09/2023,0,0,150000,BRL2207985264,Business,,DECLINED,2,100000,Rented,3,married
27/09/2023,0,0,50000,BRL1986222734,Business,,DECLINED,1,0,Permanent,30,single
27/09/2023,0,14000,150000,BRL9563252239,Business,,DECLINED,1,0,Permanent,30,single
27/09/2023,14,14000,150000,BRL5563930619,Business,4,DISBURSED,1,0,Permanent,30,single
27/09/2023,8,34000,100000,BRL7367123251,Business,1,DISBURSED,5,300000,Rented,7,married
27/09/2023,0,0,100000,BRL1450948446,Business,,DECLINED,4,0,Permanent,4,married
27/09/2023,0,0,80000,BRL4518786396,Business,,STAGE1,2,350000,Rented,2,married
27/09/2023,0,0,100000,BRL2473381106,Business,,DECLINED,1,220000,Rented,5,married
27/09/2023,10,4000,100000,BRL6763482511,Business,2,LIQUIDATED,2,180000,Rented,3,married
27/09/2023,14,12000,150000,BRL6294336685,Business,4,DISBURSED,2,0,Permanent,10,married
27/09/2023,14,20000,30000,BRL9070610416,Business,4,DISBURSED,2,300000,Rented,4,married
27/09/2023,10,100000,100000,BRL1406050944,Emergency,2,DISBURSED,2,250000,Rented,3,single
27/09/2023,0,0,20000,BRL3544607931,Business,,DECLINED,1,300000,Rented,5,single
27/09/2023,0,0,100000,BRL1244827635,Business,,DECLINED,0,0,Permanent,8,single
27/09/2023,8,16000,100000,BRL5404669538,Business,1,LIQUIDATED,3,0,Permanent,15,married
27/09/2023,0,0,150000,BRL1397783068,Business,,STAGE1,2,200000,Rented,2,married
28/09/2023,8,29000,100000,BRL1500381924,Business,1,DISBURSED,4,700000,Rented,2,married
28/09/2023,0,0,150000,BRL6094684892,Business,,DECLINED,2,400000,Rented,4,married
28/09/2023,0,0,150000,BRL6572792702,Business,,DECLINED,1,0,Permanent,21,married
28/09/2023,8,5000,100000,BRL4711946550,Emergency,1,DISBURSED,0,250000,Rented,2,single
28/09/2023,0,0,100000,BRL9394993422,Business,,DECLINED,0,800000,Rented,3,married
28/09/2023,0,0,100000,BRL8634115133,Business,,DECLINED,4,0,Permanent,5,married
28/09/2023,14,24000,150000,BRL7427546154,Business,4,DISBURSED,4,0,Permanent,12,married
28/09/2023,0,0,140000,BRL3192893797,Business,,DECLINED,2,500000,Rented,3,married
28/09/2023,0,0,100000,BRL4889954809,Business,,DECLINED,0,185000,Rented,4,single
28/09/2023,0,0,150000,BRL5323787658,Business,,DECLINED,1,100000,Rented,3,single
28/09/2023,0,0,100000,BRL8994289615,Business,,DECLINED,2,0,Permanent,5,married
29/09/2023,0,0,150000,BRL8763379621,Business,,STAGE1,0,0,Permanent,14,single
29/09/2023,0,0,30000,BRL4694587763,Business,,DECLINED,2,0,Permanent,6,married
29/09/2023,0,0,100000,BRL5532460624,Business,,DECLINED,0,0,Permanent,12,single
29/09/2023,10,17000,150000,BRL1921994784,Emergency,2,DISBURSED,1,700000,Rented,1,single
29/09/2023,0,0,50000,BRL9322727538,Emergency,,DECLINED,1,180000,Rented,3,married
29/09/2023,0,0,150000,BRL4959793858,Business,,STAGE1,1,500000,Rented,8,married
29/09/2023,0,0,150000,BRL3123071500,Business,,DECLINED,1,120000,Rented,5,married
29/09/2023,0,0,15000,BRL5767382643,Business,,STAGE1,0,150000,Rented,4,single
29/09/2023,8,19000,100000,BRL2027061370,Business,1,DISBURSED,3,0,Permanent,3,married
29/09/2023,0,0,100000,BRL1507533531,Rent,,STAGE1,0,600000,Rented,3,married
30/09/2023,12,34000,50000,BRL7015078908,Emergency,3,DISBURSED,0,200000,Rented,2,single
30/09/2023,0,503000,150000,BRL4721759242,Emergency,,DECLINED,1,2500000,Rented,8,married
30/09/2023,0,0,50000,BRL9673050090,Business,,DECLINED,3,0,Permanent,12,married
30/09/2023,0,0,100000,BRL7683354358,Business,,DECLINED,2,400000,Rented,3,married
30/09/2023,0,0,100000,BRL6325521628,Rent,,DECLINED,1,180000,Rented,6,married
30/09/2023,0,0,100000,BRL9254073494,Business,,DECLINED,1,250000,Rented,5,single
30/09/2023,10,12000,90000,BRL6847035896,Business,2,DISBURSED,1,0,Permanent,6,single
30/09/2023,8,25000,100000,BRL1273431581,Business,1,LIQUIDATED,2,300000,Rented,5,single
30/09/2023,0,0,100000,BRL6812611090,Business,,STAGE1,3,200000,Rented,1,married
30/09/2023,0,0,100000,BRL4468641939,Business,,DECLINED,2,300000,Rented,3,married
30/09/2023,0,0,100000,BRL9374409680,Business,,DECLINED,1,400000,Rented,6,single
01/10/2023,0,0,50000,BRL5923519683,Business,,DECLINED,5,250000,Rented,5,married
01/10/2023,10,19000,25000,BRL9627527163,Emergency,2,DISBURSED,1,0,Permanent,10,single
01/10/2023,0,0,50000,BRL4824318332,Emergency,,DECLINED,2,100000,Rented,4,single
01/10/2023,0,0,150000,BRL3023807773,Emergency,,DECLINED,4,180000,Rented,15,married
02/10/2023,0,0,150000,BRL3563208092,Emergency,,DECLINED,5,0,Permanent,36,married
02/10/2023,0,0,100000,BRL5373037710,Emergency,,DECLINED,2,300000,Rented,4,married
02/10/2023,0,0,80000,BRL2059788817,Rent,,DECLINED,2,120000,Rented,4,married
02/10/2023,12,31000,60000,BRL9415390978,Rent,3,DISBURSED,2,250000,Rented,3,married
02/10/2023,0,0,150000,BRL5638809603,Business,,DECLINED,2,0,Permanent,2,married
02/10/2023,0,0,100000,BRL9975798268,Business,,DECLINED,1,350000,Rented,3,married
02/10/2023,0,0,50000,BRL1663355301,Business,,DECLINED,0,0,Permanent,18,single
02/10/2023,8,9000,100000,BRL5605203079,Business,1,DISBURSED,2,150000,Rented,5,married
02/10/2023,8,10000,70000,BRL1739822232,Business,1,DISBURSED,4,400000,Rented,6,married
02/10/2023,0,0,100000,BRL3176712377,Business,,DECLINED,2,150000,Rented,3,married
02/10/2023,0,0,100000,BRL3138480912,Emergency,,STAGE1,3,0,Permanent,28,married
03/10/2023,0,0,100000,BRL3181173178,Business,,DECLINED,1,200000,Rented,2,single
03/10/2023,0,0,20000,BRL7061561086,Emergency,,DECLINED,4,0,Permanent,6,married
03/10/2023,14,33000,50000,BRL5557460512,Emergency,4,DISBURSED,3,0,Permanent,3,married
03/10/2023,8,7000,100000,BRL5359932249,Emergency,1,LIQUIDATED,1,300000,Rented,5,married
03/10/2023,0,0,50000,BRL3769144411,Business,,DECLINED,2,200000,Rented,4,married
03/10/2023,0,0,80000,BRL7643368561,Rent,,DECLINED,2,120000,Rented,4,married
03/10/2023,0,0,100000,BRL2271297399,Business,,DECLINED,3,0,Permanent,20,married
03/10/2023,0,0,100000,BRL4886077918,Business,,DECLINED,2,250000,Rented,4,married
03/10/2023,0,0,40000,BRL3568206949,Business,,DECLINED,0,350000,Rented,3,single
03/10/2023,0,0,120000,BRL8601490328,Business,,DECLINED,3,300000,Rented,3,married
04/10/2023,0,0,150000,BRL8948946320,Business,,STAGE1,1,236000,Rented,2,single
04/10/2023,0,0,50000,BRL7901761665,Business,,DECLINED,2,100000,Rented,5,married
04/10/2023,0,0,50000,BRL8131618952,Business,,DECLINED,5,0,Permanent,27,married
04/10/2023,0,0,15000,BRL1267916540,Business,,DECLINED,3,200000,Rented,3,married
04/10/2023,0,0,80000,BRL9361927383,Business,,DECLINED,1,0,Permanent,20,single
04/10/2023,0,0,100000,BRL4868801375,Business,,DECLINED,2,0,Permanent,8,married
04/10/2023,0,0,130000,BRL2215848399,Business,,DECLINED,1,0,Permanent,15,single
04/10/2023,8,19000,100000,BRL1190941767,Rent,1,DISBURSED,1,350000,Rented,2,single
04/10/2023,0,8000,150000,BRL1774193465,Business,,DECLINED,3,550000,Rented,3,married
04/10/2023,0,0,150000,BRL8726597606,Business,,DECLINED,3,550000,Rented,2,married
04/10/2023,8,8000,150000,BRL2002663500,Business,1,LIQUIDATED,3,550000,Rented,2,married
04/10/2023,12,154000,100000,BRL1220474259,Emergency,3,DISBURSED,3,0,Permanent,15,married
05/10/2023,0,0,110000,BRL3342445413,Business,,DECLINED,0,0,Permanent,21,single
05/10/2023,14,71000,100000,BRL9728064696,Business,4,DISBURSED,3,150000,Rented,5,married
05/10/2023,10,32000,100000,BRL7561055035,Business,2,DISBURSED,2,150000,Rented,3,single
05/10/2023,0,0,20000,BRL7050189608,Emergency,,STAGE1,5,0,Permanent,4,married
05/10/2023,0,0,100000,BRL5305122790,Rent,,DECLINED,2,150000,Rented,3,married
05/10/2023,0,0,100000,BRL8781838705,Business,,DECLINED,5,0,Permanent,9,married
05/10/2023,0,21000,100000,BRL8370389373,Business,,PENDING,1,0,Permanent,7,married
05/10/2023,8,5000,100000,BRL3197409389,Business,1,DISBURSED,3,0,Permanent,20,single
05/10/2023,0,0,85000,BRL8820942137,Business,,STAGE1,2,0,Permanent,6,single
05/10/2023,0,0,50000,BRL1629681026,Business,,DECLINED,0,250000,Rented,5,single
05/10/2023,0,0,100000,BRL5265867509,Business,,DECLINED,2,0,Permanent,6,married
05/10/2023,8,32000,80000,BRL3841088829,Business,1,DISBURSED,0,160000,Rented,4,single
05/10/2023,0,0,20000,BRL8260535643,Business,,STAGE1,0,170000,Rented,3,single
05/10/2023,0,16000,150000,BRL7380441323,Business,,DECLINED,4,0,Permanent,10,single
05/10/2023,0,0,150000,BRL6049351771,Business,,DECLINED,0,0,Permanent,10,single
05/10/2023,0,0,100000,BRL8973878401,Business,,DECLINED,4,0,Permanent,4,married
06/10/2023,0,0,50000,BRL7665577703,Emergency,,DECLINED,0,120000,Rented,4,single
06/10/2023,8,16000,100000,BRL4062264987,Business,1,LIQUIDATED,4,0,Permanent,10,single
06/10/2023,12,35000,100000,BRL3590210310,Business,3,DISBURSED,1,0,Permanent,20,single
06/10/2023,8,8000,150000,BRL3951881679,Business,1,DISBURSED,3,550000,Rented,2,married
06/10/2023,8,15000,50000,BRL6231371692,Business,1,DISBURSED,4,0,Permanent,8,married
06/10/2023,0,0,100000,BRL7696766219,Business,,DECLINED,0,0,Permanent,18,single
06/10/2023,0,0,8000,BRL8903658740,Emergency,,DECLINED,2,300000,Rented,10,single
06/10/2023,8,7000,150000,BRL2150102420,Business,1,LIQUIDATED,0,150000,Rented,3,single
07/10/2023,8,11000,20000,BRL3506720328,Emergency,1,LIQUIDATED,0,250000,Rented,2,single
07/10/2023,8,24000,100000,BRL8370037272,Business,1,DISBURSED,2,150000,Rented,3,married
07/10/2023,8,53000,100000,BRL3320086452,Business,1,DISBURSED,2,300000,Rented,8,married
07/10/2023,12,16000,100000,BRL2540920609,Business,3,DISBURSED,3,200000,Rented,3,married
07/10/2023,0,0,50000,BRL3562033428,Business,,DECLINED,1,0,Permanent,2,married
08/10/2023,8,14000,20000,BRL5166982877,Business,1,DISBURSED,1,150000,Rented,5,single
08/10/2023,8,20000,50000,BRL8484263833,Business,1,LIQUIDATED,1,200000,Rented,1,married
08/10/2023,8,100000,100000,BRL5334079693,Emergency,1,DISBURSED,2,300000,Rented,5,married
08/10/2023,0,0,100000,BRL6506760283,Business,,DECLINED,2,0,Permanent,2,married
08/10/2023,8,30000,100000,BRL2056298615,Business,1,LIQUIDATED,2,0,Permanent,2,married
08/10/2023,10,4000,50000,BRL8122525871,Business,2,DISBURSED,1,150000,Rented,6,married
09/10/2023,0,0,100000,BRL6083565470,Business,,DECLINED,0,200000,Rented,2,single
09/10/2023,0,0,100000,BRL2277316683,Business,,DECLINED,0,700000,Rented,3,single
09/10/2023,0,0,100000,BRL2846211638,Business,,DECLINED,3,400000,Rented,3,married
09/10/2023,10,31000,30000,BRL8370917178,Emergency,2,DISBURSED,2,0,Permanent,3,married
09/10/2023,0,0,30000,BRL1857189864,Business,,STAGE1,2,180000,Permanent,5,married
09/10/2023,14,63000,120000,BRL4570643634,Rent,4,DISBURSED,1,600000,Rented,1,married
09/10/2023,0,0,150000,BRL8060588596,Business,,DECLINED,4,400000,Rented,5,married
09/10/2023,10,36000,100000,BRL6492892180,Business,2,DISBURSED,0,600000,Rented,3,single
09/10/2023,0,0,100000,BRL3963394985,Emergency,,STAGE1,2,400000,Rented,3,married
10/10/2023,0,0,100000,BRL5834974378,Emergency,,DECLINED,1,120000,Rented,2,married
10/10/2023,0,0,150000,BRL2349919936,Business,,DECLINED,3,200000,Rented,2,married
10/10/2023,0,0,100000,BRL7580604265,Business,,STAGE1,0,100000000,Rented,1,single
10/10/2023,0,0,10000,BRL7909884129,Business,,DECLINED,1,0,Permanent,5,married
10/10/2023,0,0,50000,BRL9423652491,Business,,STAGE1,0,0,Permanent,3,married
10/10/2023,0,0,150000,BRL8572033236,Business,,DECLINED,2,350000,Rented,5,married
10/10/2023,0,0,20000,BRL9651065400,Emergency,,DECLINED,3,0,Permanent,4,married
10/10/2023,0,0,150000,BRL5659256603,Business,,DECLINED,3,500000,Rented,10,married
10/10/2023,0,0,150000,BRL3221965142,Business,,STAGE1,5,380000,Rented,2,married
11/10/2023,0,0,150000,BRL4508295175,Business,,DECLINED,2,300000,Rented,2,single
11/10/2023,0,0,150000,BRL6772338246,Business,,DECLINED,4,150000,Rented,3,married
11/10/2023,0,0,80000,BRL7898235512,Business,,DECLINED,1,500000,Rented,4,married
11/10/2023,0,0,100000,BRL5291502402,Business,,DECLINED,3,450000,Rented,4,married
11/10/2023,0,0,150000,BRL1019235114,Business,,DECLINED,2,0,Permanent,2,married
12/10/2023,0,0,60000,BRL4632902122,Business,,DECLINED,0,400000,Rented,2,single
12/10/2023,0,0,30000,BRL9078437736,Business,,DECLINED,1,120000,Rented,5,married
12/10/2023,0,0,30000,BRL1749593630,Business,,DECLINED,1,120000,Rented,3,married
12/10/2023,0,0,150000,BRL2001833745,Business,,DECLINED,3,0,Permanent,3,single
12/10/2023,0,0,150000,BRL6324092052,Business,,DECLINED,3,0,Permanent,2,married
13/10/2023,0,0,50000,BRL7672128004,Business,,DECLINED,2,0,Permanent,3,married
16/10/2023,0,0,150000,BRL9952375515,Business,,DECLINED,1,120000,Rented,3,married
16/10/2023,0,0,100000,BRL3018711459,Business,,DECLINED,1,300000,Rented,3,single
16/10/2023,0,0,150000,BRL8965257735,Business,,DECLINED,3,250000,Rented,6,single
16/10/2023,0,0,150000,BRL4216938113,Business,,DECLINED,3,5000000,Rented,6,single
16/10/2023,0,0,150000,BRL1510062631,Business,,DECLINED,3,300000,Permanent,6,single
16/10/2023,0,0,100000,BRL3033721161,Emergency,,DECLINED,0,700000,Rented,3,single
16/10/2023,0,0,50000,BRL6911575249,Business,,DECLINED,2,0,Permanent,20,married
16/10/2023,0,0,50000,BRL9353347976,Business,,DECLINED,5,0,Permanent,7,married
16/10/2023,0,0,100000,BRL5082777658,Business,,DECLINED,3,300000,Rented,6,single
16/10/2023,0,0,100000,BRL1631860222,Emergency,,DECLINED,3,400000,Rented,5,single
16/10/2023,0,0,20000,BRL6065558034,Business,,DECLINED,0,100000,Rented,4,married
16/10/2023,0,0,100000,BRL9819212760,Business,,DECLINED,0,170000,Rented,1,single
16/10/2023,0,0,100000,BRL1271621102,Emergency,,DECLINED,0,170000,Rented,2,single
16/10/2023,0,0,50000,BRL6031337314,Business,,DECLINED,0,0,Permanent,5,single
16/10/2023,0,0,30000,BRL7233368568,Business,,DECLINED,0,0,Permanent,3,single
16/10/2023,0,0,150000,BRL5010558830,Business,,DECLINED,0,200000,Rented,6,single
16/10/2023,0,0,20000,BRL6231835466,Business,,DECLINED,0,0,Permanent,15,single
16/10/2023,0,0,150000,BRL2989841969,Business,,DECLINED,3,300000,Rented,6,single
16/10/2023,0,0,50000,BRL6066764485,Business,,DECLINED,3,200000,Rented,6,married
16/10/2023,0,0,20000,BRL3517617085,Emergency,,DECLINED,3,200000,Rented,6,married
16/10/2023,0,0,10000,BRL6460999485,Emergency,,DECLINED,0,0,Permanent,17,single
16/10/2023,0,0,150000,BRL1091737575,Business,,DECLINED,1,150000,Rented,2,married
16/10/2023,0,0,5000,BRL9354725814,Business,,DECLINED,0,0,Permanent,17,single
16/10/2023,0,0,150000,BRL7838818226,Business,,DECLINED,1,150000,Rented,2,married
17/10/2023,0,0,100000,BRL6384212480,Business,,DECLINED,0,120000,Rented,2,married
17/10/2023,0,0,150000,BRL3668996131,Business,,DECLINED,2,300000,Rented,5,single
17/10/2023,0,0,50000,BRL8039786551,Business,,DECLINED,0,250000,Rented,3,single
17/10/2023,0,0,60000,BRL6661708586,Rent,,DECLINED,1,200000,Rented,5,single
17/10/2023,0,0,30000,BRL4132889928,Business,,DECLINED,1,200000,Rented,5,single
17/10/2023,0,0,150000,BRL8499369680,Business,,DECLINED,3,300000,Rented,3,single
17/10/2023,0,0,50000,BRL1929905616,Business,,DECLINED,1,150000,Rented,3,married
17/10/2023,0,0,100000,BRL4925800743,Business,,DECLINED,2,150000,Rented,6,married
17/10/2023,0,0,150000,BRL8804500661,Business,,DECLINED,2,500000,Rented,4,married
17/10/2023,0,0,150000,BRL6568762966,Business,,DECLINED,3,300000,Rented,5,single
17/10/2023,0,0,150000,BRL1385818032,Business,,DECLINED,2,120000,Rented,1,single
17/10/2023,0,0,7000,BRL1118993996,Emergency,,DECLINED,0,0,Permanent,5,single
17/10/2023,0,0,60000,BRL4375499060,Business,,DECLINED,3,400000,Rented,10,married
17/10/2023,0,0,50000,BRL4033372086,Emergency,,DECLINED,0,250000,Rented,2,married
17/10/2023,0,0,150000,BRL1427327406,Business,,DECLINED,1,150000,Rented,2,married
17/10/2023,0,0,100000,BRL3244792682,Business,,DECLINED,0,150000,Rented,5,single
17/10/2023,0,0,25000,BRL9479423096,Business,,STAGE1,0,0,Permanent,3,single
17/10/2023,0,0,150000,BRL2546477486,Rent,,DECLINED,4,300000,Rented,7,married
17/10/2023,0,0,50000,BRL2197315950,Business,,DECLINED,0,110000,Rented,4,single
17/10/2023,0,0,100000,BRL5254980841,Emergency,,DECLINED,0,200000,Rented,2,single
17/10/2023,0,0,100000,BRL6044027264,Business,,DECLINED,2,150000,Rented,2,married
17/10/2023,0,0,30000,BRL3990276118,Business,,DECLINED,5,0,Permanent,7,married
17/10/2023,0,0,75000,BRL7830646048,Business,,DECLINED,2,0,Permanent,7,married
17/10/2023,0,0,130000,BRL9678469582,Business,,DECLINED,1,0,Permanent,25,single
17/10/2023,0,0,150000,BRL2690644882,Business,,DECLINED,3,250000,Rented,2,married
17/10/2023,0,0,100000,BRL5381918850,Business,,DECLINED,2,0,Permanent,3,married
17/10/2023,0,0,100000,BRL2507453051,Business,,DECLINED,3,250000,Rented,2,married
17/10/2023,0,0,50000,BRL8411065047,Business,,DECLINED,2,0,Permanent,3,married
17/10/2023,0,0,20000,BRL7793498700,Rent,,DECLINED,1,300000,Rented,5,married
17/10/2023,0,0,150000,BRL2240372439,Business,,DECLINED,2,300000,Rented,6,single
17/10/2023,0,0,100000,BRL6143824863,Rent,,DECLINED,0,700000,Rented,1,single
17/10/2023,0,0,150000,BRL2713029600,Business,,DECLINED,2,300000,Rented,6,single
17/10/2023,0,0,30000,BRL5245017064,Emergency,,DECLINED,0,700000,Rented,1,single
17/10/2023,0,0,15000,BRL6594579281,Emergency,,DECLINED,0,100000,Rented,2,single
17/10/2023,0,0,150000,BRL1241091000,Business,,STAGE1,1,300000,Rented,5,married
17/10/2023,0,0,10000,BRL1482044842,Emergency,,DECLINED,3,150000,Rented,3,married
17/10/2023,0,0,20000,BRL2242716539,Emergency,,DECLINED,4,0,Permanent,31,married
17/10/2023,0,0,30000,BRL9567636767,Business,,DECLINED,2,0,Permanent,6,married
17/10/2023,0,0,25000,BRL7006097740,Emergency,,DECLINED,2,200000,Rented,1,married
17/10/2023,0,0,100000,BRL9090819586,Business,,DECLINED,2,220000,Rented,2,married
17/10/2023,0,0,150000,BRL1268611939,Business,,DECLINED,2,0,Permanent,2,married
17/10/2023,0,0,150000,BRL4795884856,Business,,DECLINED,2,0,Permanent,2,married
17/10/2023,0,0,100000,BRL9165970264,Business,,DECLINED,0,0,Permanent,18,married
17/10/2023,0,0,50000,BRL1387194480,Emergency,,DECLINED,0,170000,Rented,6,single
17/10/2023,0,0,150000,BRL6686830719,Rent,,DECLINED,0,200000,Rented,2,single
17/10/2023,0,0,150000,BRL5697943822,Business,,DECLINED,3,300000,Rented,6,single
17/10/2023,0,0,150000,BRL7478466633,Business,,DECLINED,3,300000,Rented,6,single
17/10/2023,0,0,75000,BRL4132529346,Business,,DECLINED,2,0,Permanent,7,married
17/10/2023,0,0,150000,BRL5802888546,Business,,DECLINED,0,170000,Rented,5,single
18/10/2023,0,0,100000,BRL7625466246,Business,,DECLINED,0,500000,Rented,1,single
18/10/2023,0,0,100000,BRL5795932994,Business,,DECLINED,2,350000,Rented,5,married
18/10/2023,0,0,150000,BRL9014929238,Business,,DECLINED,2,300000,Rented,6,single
18/10/2023,0,0,100000,BRL2298014415,Business,,DECLINED,0,0,Permanent,27,single
18/10/2023,0,0,150000,BRL2295787895,Emergency,,DECLINED,3,250000,Rented,4,married
18/10/2023,0,0,150000,BRL1454044423,Business,,DECLINED,3,0,Permanent,12,married
18/10/2023,0,0,20000,BRL7355760698,Business,,DECLINED,5,0,Permanent,7,married
18/10/2023,0,0,100000,BRL8644268257,Business,,DECLINED,0,0,Permanent,27,single
18/10/2023,0,0,150000,BRL7808234527,Business,,DECLINED,1,800000,Rented,3,single
18/10/2023,8,37000,150000,BRL8952587781,Rent,1,DISBURSED,4,300000,Rented,7,married
18/10/2023,0,0,150000,BRL1227213197,Business,,DECLINED,2,300000,Rented,6,single
18/10/2023,0,0,15000,BRL6693137626,Emergency,,DECLINED,2,100000,Rented,2,single
18/10/2023,0,0,150000,BRL5914886732,Business,,STAGE1,0,750000,Rented,2,single
18/10/2023,0,0,150000,BRL3846844880,Business,,DECLINED,0,710000,Rented,4,single
18/10/2023,0,0,50000,BRL1746857628,Rent,,DECLINED,0,120000,Rented,4,single
18/10/2023,0,0,150000,BRL6962614448,Business,,DECLINED,0,0,Permanent,7,single
18/10/2023,0,0,150000,BRL9286597130,Business,,DECLINED,0,0,Permanent,7,single
18/10/2023,0,0,7000,BRL7910423432,Business,,DECLINED,0,100000,Rented,3,single
18/10/2023,0,0,100000,BRL8982156037,Business,,DECLINED,3,300000,Rented,8,married
18/10/2023,0,0,150000,BRL9369651151,Business,,DECLINED,3,300000,Rented,6,single
18/10/2023,0,0,100000,BRL8617480966,Business,,DECLINED,2,400000,Rented,3,married
18/10/2023,0,0,75000,BRL1519186900,Business,,DECLINED,2,0,Permanent,7,married
18/10/2023,0,0,50000,BRL2856464653,Business,,DECLINED,2,0,Permanent,7,married
18/10/2023,0,4000,50000,BRL6274116069,Emergency,,DECLINED,2,220000,Rented,2,married
18/10/2023,0,0,40000,BRL9446605681,Business,,DECLINED,2,0,Permanent,7,married
18/10/2023,0,0,100000,BRL3684195271,Business,,DECLINED,2,220000,Rented,2,married
18/10/2023,0,0,150000,BRL5153425789,Business,,DECLINED,3,300000,Rented,6,single
18/10/2023,8,22000,40000,BRL2577296499,Business,1,DISBURSED,0,150000,Rented,3,single
18/10/2023,0,0,65000,BRL6037211170,Rent,,DECLINED,0,220000,Rented,4,single
18/10/2023,0,0,50000,BRL9433066584,Business,,DECLINED,0,550000,Rented,2,married
18/10/2023,0,0,150000,BRL6690495715,Business,,DECLINED,2,300000,Rented,6,single
18/10/2023,8,4000,50000,BRL7037050751,Business,1,LIQUIDATED,2,220000,Rented,2,married
18/10/2023,0,0,100000,BRL6733212464,Business,,DECLINED,2,0,Permanent,33,married
18/10/2023,0,0,150000,BRL5526071422,Business,,DECLINED,3,300000,Rented,6,single
18/10/2023,0,0,150000,BRL4473414580,Business,,DECLINED,1,200000,Permanent,33,single
18/10/2023,0,0,50000,BRL4363905009,Business,,STAGE1,0,500000,Rented,8,single
18/10/2023,0,0,50000,BRL3267959854,Business,,DECLINED,1,0,Permanent,5,married
18/10/2023,14,27000,50000,BRL4228710230,Business,4,DISBURSED,0,410000,Rented,2,single
18/10/2023,0,0,150000,BRL4088633517,Business,,DECLINED,0,200000,Rented,7,single
18/10/2023,10,43000,100000,BRL6529281217,Business,2,DISBURSED,3,300000,Rented,4,married
18/10/2023,0,0,50000,BRL9620992506,Business,,DECLINED,0,130000,Rented,6,single
18/10/2023,0,0,150000,BRL7713958428,Business,,DECLINED,1,0,Permanent,5,single
18/10/2023,0,0,100000,BRL9803393944,Business,,DECLINED,0,0,Permanent,5,single
18/10/2023,0,0,20000,BRL2455719499,Business,,DECLINED,1,0,Permanent,34,married
18/10/2023,0,0,20000,BRL2822704759,Business,,DECLINED,0,250000,Rented,3,single
18/10/2023,0,0,30000,BRL2624323206,Emergency,,DECLINED,0,350000,Rented,2,single
18/10/2023,0,0,10000,BRL3677383868,Emergency,,DECLINED,0,350000,Rented,3,single
18/10/2023,0,0,20000,BRL2883551786,Rent,,DECLINED,0,300000,Rented,6,single
18/10/2023,10,25000,100000,BRL5546207576,Rent,2,DISBURSED,2,180000,Rented,4,married
18/10/2023,0,0,150000,BRL1808566236,Business,,DECLINED,0,600000,Rented,7,single
18/10/2023,0,0,75000,BRL9734357446,Emergency,,DECLINED,0,600000,Rented,7,single
18/10/2023,0,0,20000,BRL1425676772,Business,,DECLINED,2,500000,Rented,3,married
18/10/2023,0,0,150000,BRL9426393746,Business,,DECLINED,2,300000,Rented,6,single
18/10/2023,10,29000,150000,BRL4603691931,Emergency,2,DISBURSED,3,0,Permanent,12,married
18/10/2023,0,0,150000,BRL4335232093,Business,,DECLINED,3,0,Permanent,16,single
18/10/2023,0,0,150000,BRL6786973021,Business,,DECLINED,0,100000,Rented,4,single
18/10/2023,0,0,100000,BRL8749945973,Business,,DECLINED,1,100000,Rented,27,married
18/10/2023,0,0,150000,BRL8164150869,Business,,DECLINED,0,170000,Rented,5,single
18/10/2023,0,0,25000,BRL3807158910,Business,,DECLINED,2,0,Permanent,7,married
18/10/2023,0,0,21000,BRL2168835486,Emergency,,DECLINED,2,0,Permanent,7,married
19/10/2023,0,0,150000,BRL6759437518,Business,,DECLINED,3,150000,Rented,7,married
19/10/2023,0,0,10000,BRL6782328619,Emergency,,DECLINED,2,0,Permanent,15,single
19/10/2023,0,0,75000,BRL9984974660,Business,,STAGE1,0,0,Permanent,5,single
19/10/2023,0,0,150000,BRL6414993901,Business,,DECLINED,3,0,Permanent,12,single
19/10/2023,0,0,120000,BRL3674955403,Business,,DECLINED,5,0,Permanent,15,single
19/10/2023,0,0,20000,BRL4959469426,Business,,DECLINED,0,25000,Permanent,2,single
19/10/2023,0,0,70000,BRL5126319121,Business,,STAGE1,3,550000,Rented,2,married
19/10/2023,0,0,150000,BRL9845604082,Business,,DECLINED,0,0,Permanent,7,single
19/10/2023,0,0,10000,BRL5998331379,Emergency,,DECLINED,1,150000,Rented,4,single
19/10/2023,0,0,150000,BRL6927248999,Business,,DECLINED,2,0,Permanent,2,married
19/10/2023,8,36000,150000,BRL8603752679,Business,1,DISBURSED,1,0,Permanent,2,married
19/10/2023,0,0,50000,BRL6358221105,Business,,DECLINED,5,700000,Rented,3,single
19/10/2023,0,0,20000,BRL9579636609,Business,,DECLINED,2,0,Permanent,7,married
19/10/2023,0,0,150000,BRL9179427821,Business,,DECLINED,1,0,Permanent,2,married
19/10/2023,0,0,50000,BRL3712668111,Rent,,DECLINED,1,0,Permanent,2,married
19/10/2023,0,0,150000,BRL3912801654,Business,,DECLINED,2,200000,Rented,16,single
19/10/2023,0,0,10000,BRL9633834189,Business,,DECLINED,0,0,Permanent,3,single
19/10/2023,0,0,150000,BRL5302889069,Business,,DECLINED,2,300000,Rented,3,single
19/10/2023,8,150000,150000,BRL9033629562,Business,1,DISBURSED,0,500000,Rented,3,single
19/10/2023,8,4000,100000,BRL7561077656,Business,1,LIQUIDATED,2,220000,Rented,2,married
19/10/2023,0,0,100000,BRL7410074388,Emergency,,DECLINED,3,0,Permanent,6,married
19/10/2023,0,0,30000,BRL1847023876,Business,,DECLINED,0,0,Permanent,12,single
19/10/2023,0,0,150000,BRL9293122116,Business,,STAGE1,2,300000,Rented,16,single
19/10/2023,0,0,20000,BRL3092702638,Business,,DECLINED,2,0,Permanent,7,married
19/10/2023,0,0,50000,BRL6217340320,Emergency,,DECLINED,0,0,Permanent,6,single
19/10/2023,0,0,20000,BRL2336897780,Emergency,,STAGE1,0,0,Permanent,8,single
19/10/2023,0,0,100000,BRL8826673761,Business,,DECLINED,3,0,Permanent,4,married
19/10/2023,0,0,150000,BRL7846369997,Business,,DECLINED,4,0,Permanent,7,married
19/10/2023,0,0,50000,BRL1583828767,Emergency,,DECLINED,3,0,Permanent,4,married
19/10/2023,0,0,30000,BRL8229454278,Emergency,,DECLINED,2,0,Permanent,4,married
19/10/2023,0,0,150000,BRL7138444134,Business,,DECLINED,3,250000,Rented,2,married
19/10/2023,0,0,100000,BRL5657928634,Business,,DECLINED,3,250000,Rented,2,married
19/10/2023,0,0,20000,BRL2402702591,Emergency,,DECLINED,0,120000,Rented,4,single
19/10/2023,0,0,150000,BRL6050089329,Business,,DECLINED,2,0,Permanent,2,married
19/10/2023,0,0,100000,BRL4568885910,Business,,DECLINED,3,300000,Rented,1,married
19/10/2023,0,0,20000,BRL3030084430,Business,,DECLINED,0,100000,Rented,4,single
19/10/2023,0,0,100000,BRL7269880566,Business,,DECLINED,3,300000,Rented,2,married
19/10/2023,0,0,150000,BRL7846073272,Business,,DECLINED,0,1500000,Rented,10,single
19/10/2023,0,0,100000,BRL2361933722,Business,,DECLINED,0,750000,Rented,4,single
19/10/2023,0,0,150000,BRL7303952350,Business,,DECLINED,3,150000,Rented,3,married
19/10/2023,0,0,30000,BRL8790509544,Emergency,,DECLINED,1,0,Permanent,10,single
19/10/2023,0,0,5000,BRL5690969135,Emergency,,DECLINED,0,0,Permanent,10,single
19/10/2023,12,31000,150000,BRL7151239909,Business,3,DISBURSED,3,0,Permanent,5,married
20/10/2023,8,35000,100000,BRL5672097956,Emergency,1,DISBURSED,0,170000,Rented,2,single
20/10/2023,0,6000,150000,BRL2619072241,Business,,DECLINED,4,6000000,Rented,6,married
20/10/2023,0,0,50000,BRL3872078811,Emergency,,DECLINED,2,0,Permanent,4,married
20/10/2023,0,0,50000,BRL4071197492,Business,,DECLINED,0,110000,Rented,5,single
20/10/2023,0,0,20000,BRL1963400987,Emergency,,DECLINED,0,110000,Rented,5,single
20/10/2023,0,0,150000,BRL6617606411,Business,,DECLINED,0,200000,Rented,5,single
20/10/2023,0,0,5000,BRL5999164586,Emergency,,STAGE1,0,0,Permanent,5,single
20/10/2023,8,17000,50000,BRL4763550977,Business,1,DISBURSED,2,200000,Rented,5,single
20/10/2023,0,0,50000,BRL2752853252,Business,,STAGE1,1,120000,Rented,2,married
20/10/2023,0,0,150000,BRL2141155025,Business,,DECLINED,4,6000000,Rented,6,married
20/10/2023,0,0,50000,BRL9321823086,Emergency,,DECLINED,3,750000,Rented,2,married
20/10/2023,0,0,15000,BRL4914771417,Business,,DECLINED,2,0,Permanent,8,married
20/10/2023,0,0,50000,BRL2158839396,Business,,DECLINED,3,0,Permanent,3,married
20/10/2023,0,0,100000,BRL3058397535,Emergency,,DECLINED,3,200000,Rented,3,married
20/10/2023,0,0,150000,BRL5581079776,Business,,DECLINED,1,120000,Rented,3,single
20/10/2023,0,0,70000,BRL6602748396,Business,,DECLINED,3,290000,Rented,3,married
20/10/2023,0,0,20000,BRL4847698062,Rent,,DECLINED,0,150000,Rented,5,single
20/10/2023,0,0,150000,BRL1510884272,Business,,DECLINED,1,100000,Rented,27,married
20/10/2023,8,15000,20000,BRL3088622169,Business,1,DISBURSED,0,0,Permanent,12,single
21/10/2023,0,0,30000,BRL3691949649,Emergency,,DECLINED,0,0,Permanent,10,single
21/10/2023,0,0,30000,BRL8870713438,Emergency,,DECLINED,0,600000,Rented,7,single
21/10/2023,0,0,25000,BRL5767637044,Business,,DECLINED,0,125000,Rented,6,single
21/10/2023,8,46000,45000,BRL7003520904,Business,1,DISBURSED,0,400000,Rented,3,single
21/10/2023,0,0,150000,BRL7361468372,Emergency,,DECLINED,0,0,Permanent,10,single
21/10/2023,0,0,80000,BRL6653440963,Business,,DECLINED,0,0,Permanent,5,single
21/10/2023,0,0,150000,BRL2014631329,Emergency,,DECLINED,3,0,Permanent,15,married
21/10/2023,0,0,100000,BRL1554557144,Business,,STAGE1,1,120000,Rented,5,married
21/10/2023,0,0,30000,BRL7516593509,Emergency,,DECLINED,3,0,Permanent,4,married
21/10/2023,0,0,100000,BRL7089143171,Business,,DECLINED,3,0,Permanent,15,married
21/10/2023,0,11000,150000,BRL6369379415,Business,,PENDING,2,200000,Rented,10,married
22/10/2023,0,0,50000,BRL3403974952,Emergency,,DECLINED,0,0,Permanent,3,single
22/10/2023,0,0,10000,BRL1497247097,Rent,,DECLINED,0,150000,Rented,8,single
22/10/2023,0,0,10000,BRL8696821985,Emergency,,DECLINED,0,120000,Rented,8,single
22/10/2023,0,0,150000,BRL1861439398,Business,,DECLINED,0,150000,Rented,5,single
22/10/2023,0,0,50000,BRL2777265581,Emergency,,DECLINED,0,150000,Rented,5,single
22/10/2023,14,26000,150000,BRL5438000258,Business,4,DISBURSED,3,100000,Rented,10,married
22/10/2023,8,4000,150000,BRL9605136592,Business,1,DISBURSED,2,220000,Rented,2,married
22/10/2023,10,150000,150000,BRL5774107369,Business,2,DISBURSED,0,0,Permanent,5,single
22/10/2023,0,0,20000,BRL2710195534,Business,,DECLINED,5,250000,Rented,6,married
23/10/2023,0,0,150000,BRL7811703559,Business,,DECLINED,1,200000,Rented,2,single
23/10/2023,0,0,30000,BRL3812046172,Rent,,DECLINED,3,200000,Rented,5,married
23/10/2023,0,0,140000,BRL7896079581,Business,,DECLINED,0,1700000,Rented,3,single
